Region,Kebun,"Luas (ha)"
"Regional 1","UNIT KEBUN SAWIT HULU",9671
"Regional 1","UNIT KEBUN KWALA SAWIT ",6541
"Regional 1","UNIT KEBUN SAWIT SEBERANG",6715.32
"Regional 1","UNIT KEBUN BATANG SERANGAN",4262.5
"Regional 1","UNIT KEBUN AIR TENANG",4905
"Regional 1","UNIT KEBUN TANJUNG GARBUS",4676.31549554
"Regional 1","UNIT KEBUN PATUMBAK",2208.85858621
"Regional 1","UNIT KEBUN LIMAU MUNGKUR",3050.62710665
"Regional 1","UNIT KEBUN MELATI",1998.81
"Regional 1","UNIT KEBUN BANDAR KLIPPA",6606.61
"Regional 1","UNIT KEBUN TANJUNG JATI",1868.60398187
"Regional 1","TANDEM SAWIT",1233.4915268407
"Regional 1","SEI SEMAYANG SAWIT",2449.8638924765
"Regional 1","UNIT KEBUN HELVETIA SAWIT",1891.5086205923
"Regional 1","UNIT KEBUN BULU CINA SAWIT",717.29448924056
"Regional 1","UNIT KEBUNKWALA MADU SAWIT",1519.9252407654
"Regional 1","TANDEM TEBU",2951.3798979719
"Regional 1","SEI SEMAYANG TEBU",3219.5219625148
"Regional 1","HELVETIA TEBU",3187.099821254
"Regional 1","BULU CINA TEBU",2223.6106461212
"Regional 1","KWALA MADU TEBU",4296.5287319527
"Regional 1",BARUMUN,1808.4
"Regional 1","ARSO TAMI",2680.46
"Regional 1","PT LNK",21097.31
"Regional 2","UNIT KEBUN CIBUNGUR",4098.03
"Regional 2","UNIT KEBUN PASIRBADAK",4491.67
"Regional 2","UNIT KEBUN CIKASO_AGRABINTA",5024.31
"Regional 2","UNIT KEBUN CIKUMPAY",5048.82
"Regional 2","UNIT KEBUN JALUPANG_WANGUNREJA",6127.157
"Regional 2","UNIT KEBUN MIRAMARE",4057.076
"Regional 2","UNIT KEBUN BUNISARI LENDRA",4019.68
"Regional 2","UNIT KEBUN BAGJANAGARA",2689.22
"Regional 2","UNIT KEBUN BATULAWANG_CIKUPA",5132.49
"Regional 2","UNIT KEBUN RANCABALI",7383.66
"Regional 2","UNIT KEBUN MALABAR",6339.32
"Regional 2","UNIT KEBUN SEDEP",6428.698
"Regional 2","UNIT KEBUN GEDEH",4898.01
"Regional 2","UNIT KEBUN MONTAYA",6244.72
"Regional 2","UNIT KEBUN CISARUNI",4813.02
"Regional 2","UNIT KEBUN CIATER",8106.66
"Regional 2","UNIT KEBUN KERTAJAYA (KSO)",3174.93
"Regional 2","UNIT KEBUN BOJONGDATAR (KSO)",3239.88
"Regional 2","UNIT KEBUN CISALAK BARU (KSO)",5323.09
"Regional 2","UNIT KEBUN CIKASUNGKA (KSO)",3956.37
"Regional 2","UNIT KEBUN SUKAMAJU (KSO)",4165.86
"Regional 2","UNIT KEBUN PANGLEJAR (KSO)",2671.09
"Regional 2","UNIT KEBUN PARAKANSALAK+CIBUNGUR (KSO)",4883.08
"Regional 2","UNIT KEBUN GUNUNG MAS (AGROWISATA)",1623.18
"Regional 3","UNIT KEBUN WARNASARI",2578.5
"Regional 3","UNIT KEBUN KAWUNG",2595.65
"Regional 3","UNIT KEBUN KRUMPUT",2051.25
"Regional 3","UNIT KEBUN BLIMBING",3715.1
"Regional 3","UNIT KEBUN JOLOTIGO",497.04
"Regional 3","UNIT KEBUN SILUWOK",4310.3
"Regional 3","UNIT KEBUN SUKAMANGLI",2477.39
"Regional 3","UNIT KEBUN MERBUH",2917.02
"Regional 3","UNIT KEBUN NGOBO",2226.64
"Regional 3","UNIT KEBUN GETAS",2142.71
"Regional 3","UNIT KEBUN BATUJAMUS",6899.31
"Regional 3","UNIT KEBUN BALONG",4776.7
"Regional 3","UNIT KEBUN KALIGUA",605.8
"Regional 3","UNIT KEBUN SEMUGIH",415
"Regional 3","UNIT KEBUN JOLONG",530.69
"Regional 3","UNIT KEBUN KAKOBA",40.4
"Regional 3","UNIT TEBU TS NON KONVERSI",211.3
"Regional 4","UNIT KEBUN AJONG GAYASAN",400.59
"Regional 4","UNIT KEBUN KERTOSARI",250.48
"Regional 4","UNIT KEBUN KLATEN",25.05
"Regional 4","UNIT KEBUN MADIUN",54.822
"Regional 4","UNIT KEBUN DHOHO 1",2545.381
"Regional 4","DHOHO II",1939.74
"Regional 4",DELTA,25.402
"Regional 4","PASURUAN PROBOLINGGO",230.8282
"Regional 4","LUMAJANG HGU",6215.791
"Regional 4",JEMBER,755.947
"Regional 4","SITUBONDO BONDOWOSO",1277.276
"Regional 4","UNIT KEBUN BANYUWANGI",1817.587
"Regional 4","UNIT KEBUN GLENMORE",983.168
"Regional 4",PUSLIT,110.089
"Regional 4","UNIT KEBUN TEMBAKAU",38.564500000004
"Regional 5","UNIT KEBUN PASEWARAN",3172.93
"Regional 5","UNIT KEBUN SUNGAILEMBU",3026.57
"Regional 5","UNIT KEBUN SUMBERJAMBE",5666.27
"Regional 5","UNIT KEBUN KALIKEMPIT",2329.1
"Regional 5","UNIT KEBUN KALITELEPAK",8012.45
"Regional 5","UNIT KEBUN KENDENGLEMBU",2769.17
"Regional 5","UNIT KEBUN MALANGSARI",2665.92
"Regional 5","UNIT KEBUN GUNUNG GUMITIR",1165.72
"Regional 5","UNIT KEBUN KAYUMAS PANCURANGKREK",2478.65
"Regional 5","UNIT KEBUN BLAWAN",3939.76
"Regional 5","UNIT KEBUN KALISATJAMPIT",3917.1
"Regional 5","UNIT KEBUN SILOSANEN+SUMBER TENGAH",2392.39
"Regional 5","UNIT KEBUN GLANTANGAN",4448.62
"Regional 5","UNIT KEBUN KALISANEN",3962.13
"Regional 5","UNIT KEBUN MUMBUL",5709.06
"Regional 5","UNIT KEBUN BANJARSARI",2773.46
"Regional 5","UNIT KEBUN ZEELANDIA",2905.55
"Regional 5","UNIT KEBUN GUNUNG GAMBIR",2881.25
"Regional 5","UNIT KEBUN KERTOWONO",2267.97
"Regional 5","UNIT KEBUN WONOSARI",1144.32
"Regional 5","UNIT KEBUN PANCURSARI",5079.81
"Regional 5","UNIT KEBUN BANTARAN",2153.56
"Regional 5","UNIT KEBUN NGRANGKAH PAWON",3952.15
"Regional 5","UNIT KEBUN TRETES",926.7
"Regional 6","UNIT KEBUN JULOK RAYEUK UTARA",4202.65
"Regional 6","UNIT KEBUN COT GIREK",7506.36
"Regional 6","UNIT KEBUN PULAU TIGA",5274.99
"Regional 6","UNIT KEBUN LAMA",4749.7
"Regional 6","UNIT KEBUN BARU",4737.52
"Regional 6","UNIT KEBUN TUALANG SAWIT",6189.24
"KSO DATIM","KSO DATIM",8655
"Regional 7","UNIT KEBUN KEDATON",5126.36
"Regional 7","UNIT KEBUN BERGEN",4594.77
"Regional 7","UNIT KEBUN WAY BERULU",2376.076
"Regional 7","UNIT KEBUN WAY LIMA",3366.82
"Regional 7","UNIT KEBUN TULUNG BUYUT",6774.04
"Regional 7","UNIT KEBUN MUSILANDAS",3055.7121
"Regional 7","UNIT KEBUN TEBENAN",2347.79
"Regional 7","UNIT KEBUN BERINGIN",5360.65
"Regional 7","UNIT KEBUN SENABING",2355.72
"Regional 7","UNIT KEBUN PADANG PELAWI",5804.0018
"Regional 7","UNIT KEBUN KETAHUN",3400.18033
"Regional 7","UNIT KEBUN PAGAR ALAM",1975.26
"Regional 7","UNIT KEBUN BUNGAMAYANG",22730.06
"Regional 7","UNIT KEBUN CINTA MANIS",20392.93
"Regional 7","UNIT KEBUN REJOSARI",4984.41
"Regional 7","UNIT KEBUN BEKRI",4324.66
"Regional 7","UNIT KEBUN PADANG RATU",2705.22
"Regional 7","UNIT KEBUN BETUNG",3286.006
"Regional 7","UNIT KEBUN BENTAYAN",8634.62
"Regional 7","UNIT KEBUN BETUNG KRAWO",9716.185
"Regional 7","UNIT KEBUN SUNGAI LENGI",7976.99
"Regional 7","UNIT KEBUN TALOPINO",1079.1
"Regional 8","UNIT KEBUN AWAYA",9380.2651
"Regional 8","UNIT KEBUN BETELEME",2509.7751
"Regional 8","UNIT KEBUN MIRA",3440.259
"Regional 8","UNIT TERNAK KABARU",7972
"Regional 8","UNIT KEBUN TAKALAR",10721.41
"Regional 8","UNIT KEBUN CAMMING",10010.04
"Regional 8","UNIT KEBUN BONE",7860.62
"Regional 8","UNIT KEBUN LUWU I (KSO PALMCO)",6404
"Regional 8","UNIT KEBUN LUWU II (KSO PALMCO)",5068
"Regional 8","UNIT KEBUN ASERA (KSO PALMCO)",12808.33
"Regional 8","UNIT KEBUN KEEMAR (KSO PALMCO)",28082.0179
